{"fixedLhs": {"pmin": [0.0, 0.0, 0.0], "pmax": [8e-09, 4e-09, 4e-09], "dims": ["x", "y", "z"], "units": ["m", "m", "m"], "tolerance_factor": 1e-12}, "dampingLhs": {"pmin": [8e-09, 0.0, 0.0], "pmax": [3.1200000000000004e-07, 4e-09, 4e-09], "dims": ["x", "y", "z"], "units": ["m", "m", "m"], "tolerance_factor": 1e-12}, "freeLhs": {"pmin": [3.1200000000000004e-07, 0.0, 0.0], "pmax": [2.9760000000000004e-06, 4e-09, 4e-09], "dims": ["x", "y", "z"], "units": ["m", "m", "m"], "tolerance_factor": 1e-12}, "driven": {"pmin": [2.9760000000000004e-06, 0.0, 0.0], "pmax": [3.1760000000000006e-06, 4e-09, 4e-09], "dims": ["x", "y", "z"], "units": ["m", "m", "m"], "tolerance_factor": 1e-12}, "freeRhs": {"pmin": [3.1760000000000006e-06, 0.0, 0.0], "pmax": [5.840000000000001e-06, 4e-09, 4e-09], "dims": ["x", "y", "z"], "units": ["m", "m", "m"], "tolerance_factor": 1e-12}, "dampingRhs": {"pmin": [5.840000000000001e-06, 0.0, 0.0], "pmax": [6.144000000000001e-06, 4e-09, 4e-09], "dims": ["x", "y", "z"], "units": ["m", "m", "m"], "tolerance_factor": 1e-12}, "fixedRhs": {"pmin": [6.144e-06, 0.0, 0.0], "pmax": [6.152e-06, 4e-09, 4e-09], "dims": ["x", "y", "z"], "units": ["m", "m", "m"], "tolerance_factor": 1e-12}}